PROTECT,,,,,,,,,,,,,,,,,,,,,,,
,,,,,,,,,,,,,,,,,,,,,,,
,,,,,,,,,,,,,,,,,,,,,,,
Date,Total_Number_Of_Applications,,,,,,,,,,,,,,,,,,,,,,
11/02/2019 11:22,5,,,,,,,,,,,,,,,,,,,,,,
,,,,,,,,,,,,,,,,,,,,,,,
Candidate_Name,APPLICANT ID,Address_Line1,Address_Line2,Address_Line3,Address_Line4,Town,County,Postcode,Telephone,Email,School,Date_of_Birth,Ethnic_Origin,Gender,Sector,Framework,Framework_Status,Standard_Subject_Area_Tier_1,Standard_Sector,Standard,Standard_Status,Employer,Vacancy_Postcode,Learning_Provider,Application_Date,Application_Status,Allocated_To,Vacancy_Closing_Date
hemanjali cheruku,A63CAE2 (0000-007-21),Flat 29,40 Lion Court,Northampton,Northamptonshire,N/A,Northamptonshire,NN4 8GT,="07714630308",hemanjali.cheruku@digital.education.gov.uk,,13/06/1991,Indian,Female,"03 Agriculture, Horticulture and Animal Care",439 Animal Care,Active,,,,,"2 Source Talent (Kent, BR3 1AG)",BR3 1AG,"Test Site (Test Site, BB12 6DG)",14/01/2019,Sent,New  (current status),15/01/2019
hemanjali cheruku,A63CAE2 (0000-007-21),Flat 29,40 Lion Court,Northampton,Northamptonshire,N/A,Northamptonshire,NN4 8GT,="07714630308",hemanjali.cheruku@digital.education.gov.uk,,13/06/1991,Indian,Female,"03 Agriculture, Horticulture and Animal Care",439 Animal Care,Active,,,,,"2 Source Talent (Kent, BR3 1AG)",BR3 1AG,"Test Site (Test Site, BB12 6DG)",14/01/2019,In progress,In progress,15/01/2019
hemanjali cheruku,A63CAE2 (0000-007-21),Flat 29,40 Lion Court,Northampton,Northamptonshire,N/A,Northamptonshire,NN4 8GT,="07714630308",hemanjali.cheruku@digital.education.gov.uk,,13/06/1991,Indian,Female,"03 Agriculture, Horticulture and Animal Care",439 Animal Care,Active,,,,,"2 Source Talent (Kent, BR3 1AG)",BR3 1AG,"Test Site (Test Site, BB12 6DG)",14/01/2019,Successful,Successful,20/03/2019
hemanjali cheruku,A63CAE2 (0000-007-21),Flat 29,40 Lion Court,Northampton,Northamptonshire,N/A,Northamptonshire,NN4 8GT,="07714630308",hemanjali.cheruku@digital.education.gov.uk,,13/06/1991,Indian,Female,"03 Agriculture, Horticulture and Animal Care",439 Animal Care,Active,,,,,"2 Source Talent (Kent, BR3 1AG)",BR3 1AG,"Test Site (Test Site, BB12 6DG)",14/01/2019,Unsuccessful,Unsuccessful,20/02/2019
jashu Muginari,EF6A827 (0000-007-26),"Flat 29, , 40 Lion Court",40 Lion Court,Northampton,Northamptonshire,N/A,Northamptonshire,NN4 8GT,="07714630308",hemanjali.cheruku@gmail.com,,13/06/1991,Indian,Female,"03 Agriculture, Horticulture and Animal Care",439 Animal Care,Active,,,,,"2 Source Talent (Kent, BR3 1AG)",BR3 1AG,"Test Site (Test Site, BB12 6DG)",15/01/2019,Sent,,18/02/2019
